{"cameraMode":{"drawMode":0,"name":"Shaded","section":"Shading Mode"},"sceneLighting":true,"audioPlay":false,"sceneViewState":{"m_AlwaysRefresh":false,"showFog":true,"showSkybox":true,"showFlares":true,"showImageEffects":true,"showParticleSystems":true,"showVisualEffectGraphs":true,"m_FxEnabled":true},"in2DMode":false,"pivot":{"x":5.290752410888672,"y":0.7011504173278809,"z":1.2335468530654908},"rotation":{"x":0.43761181831359866,"y":-0.056603092700242999,"z":0.02756492979824543,"w":0.8969725966453552},"size":44.00106430053711,"orthographic":true}